"Model","AIC","DeltaAIC","AICexp","AICwt","NagR2","(Intercept)","CumErr","I(pos^2)","pos"
"preserved ~ CumErr + I(pos^2) + pos",3432.06308804067,0,1,0.999995848623317,0.113353087935204,1.68870022025088,-0.824539858468738,0.0026835796119864,0.103529427511182
"preserved ~ CumErr",3456.84722083383,24.7841327931596,4.15139391668309e-06,4.15137668268318e-06,0.102712641952802,2.05713315879445,-0.684601332424468,NA,NA
"preserved ~ I(pos^2) + pos",3721.97676244243,289.913674401753,1.11184818001997e-63,1.11184356431936e-63,0.00379480921180591,1.81565375860358,NA,-0.00456632896671305,-0.0181188706613825
