"Model","AIC","DeltaAIC","AICexp","AICwt","NagR2","(Intercept)","CumErr","pos"
"preserved ~ CumErr + pos",3430.37522655239,0,1,0.9999982148336,0.113321497725349,1.65246071252277,-0.824315671483117,0.126362129596217
"preserved ~ CumErr",3456.84722083383,26.4719942814445,1.78516958664402e-06,1.78516639981925e-06,0.102712641952802,2.05713315879445,-0.684601332424468,NA
"preserved ~ pos",3719.82155507266,289.446328520271,1.40452139199988e-63,1.40451888469548e-63,0.00367817288196911,1.88172223321231,NA,-0.0582961844914321
