"Model","AIC","DeltaAIC","AICexp","AICwt","NagR2","(Intercept)","CumErr","CumPres"
"preserved ~ CumErr + CumPres",3430.37522655239,0,1,0.9999982148336,0.113321497725349,1.778822842119,-0.697953541886903,0.126362129596212
"preserved ~ CumErr",3456.84722083383,26.471994281444,1.78516958664442e-06,1.78516639981966e-06,0.102712641952802,2.05713315879445,-0.684601332424468,NA
"preserved ~ CumPres",3707.15028909042,276.775062538028,7.92608646405223e-61,7.926072314669e-61,0.00906176877003578,1.41594028283483,NA,0.10569671071052
