"syll_component","MeanPres","N"
"1",0.855153707052441,553
"O",0.798422712933754,1902
"P",0.909090909090909,33
"S",0.692946058091286,241
"V",0.912164409598479,1403
