"","NagContributions","NagPercents"
"CumErr",0.0648464905386718,0.913175662152971
"pos",0.00438340909183789,0.0617276658563242
"log_freq",0.00178216653185916,0.0250966719907043
