"Model","AIC","DeltaAIC","AICexp","AICwt","NagR2","(Intercept)","CumErr","stimlen"
"preserved ~ CumErr",3456.84722083383,0,1,0.692300511937427,0.102712641952802,2.05713315879445,-0.684601332424468,NA
"preserved ~ CumErr + stimlen",3458.469013851,1.62179301717106,0.444459425866182,0.307699488062573,0.102978601259696,1.89001720913626,-0.693765321148403,0.0224372522304304
"preserved ~ stimlen",3719.81050727574,262.963286441906,7.91130043907959e-58,5.4769973440656e-58,0.00339707576111653,2.21219040915513,NA,-0.0723875227827005
