"Model","AIC","DeltaAIC","AICexp","AICwt","NagR2","(Intercept)","CumErr","CumPres"
"preserved ~ CumErr",659.936171253595,0,1,0.70833348348469,0.366340101739742,2.43561191029311,-1.81297596508598,NA
"preserved ~ CumErr + CumPres",661.710779097163,1.77460784356811,0.411764406618812,0.291666516515309,0.366379571946988,2.41368623306708,-1.81209763659464,0.0105206829852822
"preserved ~ CumPres",945.032256581753,285.096085328157,1.23643606665565e-62,8.75809066200308e-63,0.00198456617215736,1.63980695934891,NA,0.0546842342794117
