"Model","AIC","DeltaAIC","AICexp","AICwt","NagR2","(Intercept)","CumErr","I(pos^2)","pos"
"preserved ~ CumErr + I(pos^2) + pos",648.563542765262,0,1,0.996619394949129,0.385694809410193,3.70891080918178,-1.86198082520173,0.10816213339478,-0.829348384495622
"preserved ~ CumErr",659.936171253595,11.3726284883334,0.00339207230764732,0.00338060505087116,0.366340101739742,2.43561191029311,-1.81297596508598,NA,NA
"preserved ~ I(pos^2) + pos",905.95736268084,257.393819915578,1.28127445413611e-56,1.2769429712449e-56,0.0725652830750182,3.58949404144818,NA,0.0580150951237656,-0.767484703790441
