"syll_component","MeanPres","N"
"1",0.835820895522388,134
"O",0.832051282051282,520
"P",0.961538461538462,13
"S",0.825,60
"V",0.889546351084813,338
