"Model","AIC","DeltaAIC","AICexp","AICwt","NagR2","(Intercept)","CumErr","pos"
"preserved ~ CumErr",659.936171253595,0,1,0.708333483484667,0.366340101739742,2.43561191029311,-1.81297596508598,NA
"preserved ~ CumErr + pos",661.710779097163,1.77460784356788,0.411764406618858,0.291666516515333,0.366379571946988,2.40316555008178,-1.82261831957991,0.0105206829852822
"preserved ~ pos",911.387158125405,251.45098687181,2.50099006322674e-55,1.77153500364593e-55,0.0604232402677086,2.73426011159395,NA,-0.270850553203937
