"Model","AIC","DeltaAIC","AICexp","AICwt","NagR2","(Intercept)","CumErr","stimlen"
"preserved ~ CumErr + stimlen",659.859772417023,0,1,0.509548693482134,0.37012086343014,1.72216508327433,-1.84490308085168,0.110965395433078
"preserved ~ CumErr",659.936171253595,0.0763988365719115,0.962520977467804,0.490451306517866,0.366340101739742,2.43561191029311,-1.81297596508598,NA
"preserved ~ stimlen",945.569987674516,285.710215257493,9.09525846454833e-63,4.63447706749292e-63,0.00192904791334118,2.13257530998229,NA,-0.0573468680295952
