"syll_component","MeanPres","N"
"1",0.881294964028777,556
"O",0.878834095915946,1967
"P",1,36
"S",0.863821138211382,246
"V",0.898895790200138,1449
