"Model","AIC","DeltaAIC","AICexp","AICwt","NagR2","(Intercept)","CumErr","I(pos^2)","pos"
"preserved ~ CumErr + I(pos^2) + pos",2067.86834262334,0,1,0.999999997635856,0.427906530733075,4.45155376907608,-1.78144433377137,0.0781499886530735,-0.791589750092071
"preserved ~ CumErr",2107.59404202477,39.7256994014365,2.36414429512533e-09,2.36414428953615e-09,0.412916276675624,2.84797607336151,-1.86035213388679,NA,NA
"preserved ~ I(pos^2) + pos",2920.65758943272,852.789246809386,6.59428847765302e-186,6.59428846206317e-186,0.116643405788439,4.46339568103436,NA,0.0443872604215668,-0.781848664319917
