"Model","AIC","DeltaAIC","AICexp","AICwt","NagR2","(Intercept)","CumErr","CumPres"
"preserved ~ CumErr + CumPres",2106.0610681522,0,1,0.682760458020519,0.415430025730842,3.06553339391989,-1.85612654350155,-0.0787938007665502
"preserved ~ CumErr",2107.59404202477,1.53297387257044,0.464642523234623,0.317239541979481,0.412916276675624,2.84797607336151,-1.86035213388679,NA
"preserved ~ CumPres",3172.38662013054,1066.32555197834,2.82064500916566e-232,1.92582487837124e-232,0.00165577428231828,2.1700574439415,NA,-0.0443078468434755
