"Model","AIC","DeltaAIC","AICexp","AICwt","NagR2","(Intercept)","CumErr","stimlen"
"preserved ~ CumErr",2107.59404202477,0,1,0.545762790138099,0.412916276675624,2.84797607336151,-1.86035213388679,NA
"preserved ~ CumErr + stimlen",2107.96117178632,0.367129761546494,0.832297873856444,0.454237209861901,0.414465804855239,3.4236328568526,-1.83178680830966,-0.0750761006401574
"preserved ~ stimlen",3107.27433156574,999.680289540972,8.35955755970443e-218,4.56233545810433e-218,0.0341969193473808,4.06758575120234,NA,-0.254355666876889
