"Model","AIC","DeltaAIC","AICexp","AICwt","NagR2","(Intercept)","CumErr","stimlen"
"preserved ~ CumErr + stimlen",1075.97743324372,0,1,0.571005470662652,0.256432401436513,1.93395133520532,-0.985679349193399,-0.0542510423438973
"preserved ~ CumErr",1076.54934249119,0.571909247472149,0.751296706211063,0.428994529337348,0.255025586804025,1.58636324379654,-1.0111984964431,NA
"preserved ~ stimlen",1288.44285457794,212.465421334221,7.30667784732321e-47,4.17215302319116e-47,0.0447413635459049,2.57907414614579,NA,-0.240189601256558
