"Model","AIC","DeltaAIC","AICexp","AICwt","NagR2","(Intercept)","CumErr","pos"
"preserved ~ CumErr",1076.54934249119,0,1,0.718436887526249,0.255025586804025,1.58636324379654,-1.0111984964431,NA
"preserved ~ CumErr + pos",1078.42278496996,1.87344247876263,0.391910712495903,0.281563112473751,0.255206090833715,1.64172728103625,-0.989129098622128,-0.0201138474207558
"preserved ~ pos",1235.89385724211,159.344514750914,2.50483002848583e-35,1.79956228944764e-35,0.106291333781906,2.10686945093614,NA,-0.326405938788654
