"syll_component","MeanPres","N"
"1",0.687142857142857,140
"O",0.718797709923664,524
"P",0.916666666666667,12
"S",0.616949152542373,59
"V",0.749019607843137,340
