"Model","AIC","DeltaAIC","AICexp","AICwt","NagR2","(Intercept)","CumErr","CumPres"
"preserved ~ CumErr",1076.54934249119,0,1,0.718436887526226,0.255025586804025,1.58636324379654,-1.0111984964431,NA
"preserved ~ CumErr + CumPres",1078.42278496996,1.8734424787624,0.391910712495947,0.281563112473774,0.255206090833714,1.62161343361549,-1.00924294604288,-0.020113847420756
"preserved ~ CumPres",1330.17516395947,253.625821468272,8.43048643781925e-56,6.05677243671892e-56,0.00217963770986158,1.05066167565256,NA,-0.0564506750515027
