"Model","AIC","DeltaAIC","AICexp","AICwt","NagR2","(Intercept)","CumErr","I(pos^2)","pos"
"preserved ~ CumErr + I(pos^2) + pos",1072.57378088144,0,1,0.879508159526979,0.264596517585797,2.3070757266493,-1.02878896083878,0.0569979084888794,-0.454138276667087
"preserved ~ CumErr",1076.54934249119,3.97556160974887,0.136999116117154,0.120491840473021,0.255025586804025,1.58636324379654,-1.0111984964431,NA,NA
"preserved ~ I(pos^2) + pos",1237.59300206119,165.019221179749,1.46734223049917e-36,1.29053946454253e-36,0.106764433557956,2.24536794575267,NA,0.0103572285385885,-0.411705660469677
