"syll_component","MeanPres","N"
"1",0.843991912189486,577
"O",0.809555776562241,2011
"P",1,36
"S",0.751322751322751,252
"V",0.856209370096391,1487
