"Model","AIC","DeltaAIC","AICexp","AICwt","NagR2","(Intercept)","CumErr","I(pos^2)","pos"
"preserved ~ CumErr + I(pos^2) + pos",2974.52284808845,0,1,0.999999999999993,0.376639057913458,3.94672965294153,-1.34432467848065,0.0590872923422608,-0.70660690047147
"preserved ~ CumErr",3039.68950101706,65.166652928609,7.06709801217813e-15,7.06709801217808e-15,0.354744390787251,2.33327370079871,-1.54081949709529,NA,NA
"preserved ~ I(pos^2) + pos",3697.15702122071,722.63417313226,1.20776679929468e-157,1.20776679929467e-157,0.172061044173096,4.06619205705939,NA,0.0360449279440369,-0.756700178914792
