"Model","AIC","DeltaAIC","AICexp","AICwt","NagR2","(Intercept)","CumErr","stimlen"
"preserved ~ CumErr + stimlen",3023.33623436386,0,1,0.999718932143047,0.360293798046244,3.32052050520997,-1.47808218031371,-0.128654600892761
"preserved ~ CumErr",3039.68950101706,16.3532666532001,0.000281146878303737,0.000281067856953163,0.354744390787251,2.33327370079871,-1.54081949709529,NA
"preserved ~ stimlen",4018.93639498787,995.600160624005,6.42942344425117e-217,6.42761633998225e-217,0.0598429417346268,4.08692950643197,NA,-0.316187829795954
