"Model","AIC","DeltaAIC","AICexp","AICwt","NagR2","(Intercept)","CumErr","CumPres"
"preserved ~ CumErr + CumPres",3006.92717476485,0,1,0.999999923131003,0.366887364271105,2.7549633995379,-1.50569020475155,-0.155383615130801
"preserved ~ CumErr",3039.68950101706,32.7623262522079,7.68690028089644e-08,7.68689969001212e-08,0.354744390787251,2.33327370079871,-1.54081949709529,NA
"preserved ~ CumPres",4127.84962850373,1120.92245373887,3.93352441265243e-244,3.93352411028635e-244,0.0227242985899342,1.99303010616595,NA,-0.157025833989
