"Model","AIC","DeltaAIC","AICexp","AICwt","NagR2","(Intercept)","CumErr","pos"
"preserved ~ CumErr + pos",3006.92717476485,0,1,0.999999923131003,0.366887364271105,2.91034701466871,-1.35030658962075,-0.155383615130807
"preserved ~ CumErr",3039.68950101706,32.7623262522097,7.68690028088944e-08,7.68689969000513e-08,0.354744390787251,2.33327370079871,-1.54081949709529,NA
"preserved ~ pos",3713.69865737933,706.771482614482,3.36141835323183e-154,3.36141809484297e-154,0.166466574082807,3.34735259215056,NA,-0.402395081365845
