"Model","AIC","DeltaAIC","AICexp","AICwt","NagR2","(Intercept)","CumErr","pos"
"preserved ~ CumErr + pos",2215.37665366697,0,1,0.937380991124091,0.0954589656241553,2.46927586245122,-0.947799819298105,0.0771686767567692
"preserved ~ CumErr",2220.78869550459,5.41204183761829,0.0668020895119896,0.0626190088759091,0.091892904321349,2.73886280416035,-0.86410682765034,NA
"preserved ~ pos",2391.20195295478,175.825299287815,6.60725959289058e-39,6.19351954579793e-39,0.00318531645238183,2.6577333897957,NA,-0.0616854269061709
