"","CumErr","I(pos^2)","pos","log_freq"
"McFadden",0.073493650431899,0.00182384646485993,0.00160049005730632,0.00856007929737757
"SquaredCorrelation",0.0420814486018544,0.00103682025207483,0.000919500328565886,0.0049168876043531
"Nagelkerke",0.0420814486018544,0.00103682025207483,0.000919500328565886,0.0049168876043531
"Estrella",0.0439545930992157,0.00109704158398001,0.000955269999089098,0.00510975961725369
