"Model","AIC","DeltaAIC","AICexp","AICwt","NagR2","(Intercept)","CumErr","CumPres"
"preserved ~ CumErr + CumPres",2215.37665366697,0,1,0.937380991124104,0.0954589656241553,2.54644453920797,-0.870631142541333,0.0771686767567724
"preserved ~ CumErr",2220.78869550459,5.41204183761874,0.0668020895119744,0.0626190088758957,0.091892904321349,2.73886280416035,-0.86410682765034,NA
"preserved ~ CumPres",2391.15554745197,175.778893785003,6.76235859823613e-39,6.3389064051512e-39,0.00289515731217326,2.2523157281858,NA,0.0638104417575121
