"Model","AIC","DeltaAIC","AICexp","AICwt","NagR2","(Intercept)","CumErr","stimlen"
"preserved ~ CumErr",2220.78869550459,0,1,0.72311398734983,0.091892904321349,2.73886280416035,-0.86410682765034,NA
"preserved ~ CumErr + stimlen",2222.70861741212,1.91992190753308,0.382907836792013,0.27688601265017,0.092199769422355,2.53346896490395,-0.874490238602918,0.0270827434081803
"preserved ~ stimlen",2393.69531961076,172.90662410617,2.84317527072356e-38,2.05593980674734e-38,0.0011873295623862,2.79711017819413,NA,-0.0495376003624792
