"syll_component","MeanPres","N"
"1",0.90838023764853,533
"O",0.906750253292806,1880
"P",0.733333333333333,30
"S",0.945833333333333,240
"V",0.935498768472906,1392
