"syll_component","MeanPres","N"
"1",0.448292170627872,563
"O",0.540587997631848,1984
"P",0.0294117647058824,34
"S",0.338978494623656,248
"V",0.851907139075281,1469
