"Model","AIC","DeltaAIC","AICexp","AICwt","NagR2","(Intercept)","CumPres","stimlen"
"preserved ~ CumPres + stimlen",5572.1661491874,0,1,0.999943640480509,0.0604516481566276,0.714214984018522,0.315394086477108,-0.0908022726833962
"preserved ~ CumPres",5591.73355525856,19.5674060711535,5.63626960652054e-05,5.63595194907379e-05,0.0538328770923261,0.0562566245640419,0.287176079270088,NA
"preserved ~ stimlen",5770.86129501554,198.69514582814,7.14327373568468e-44,7.14287114420934e-44,0.000223136537172841,0.606130146263635,NA,-0.0155117689842163
