"","NagContributions","NagPercents"
"CumPres",0.0433071331788474,0.935727609854259
"stimlen",0.00204180335267221,0.0441167916402643
"log_freq",0.000932836842243027,0.0201555985054768
