"Model","AIC","DeltaAIC","AICexp","AICwt","NagR2","(Intercept)","CumErr","CumPres"
"preserved ~ CumErr + CumPres",1355.97363598697,0,1,0.999214812291876,0.19587107745781,3.07058462007517,-1.39659264498432,0.160582386970622
"preserved ~ CumErr",1370.27124049498,14.2976045080163,0.000785804712324522,0.00078518770812342,0.184998601117115,3.45305900990556,-1.38872378805154,NA
"preserved ~ CumPres",1618.83242357152,262.858787584552,8.33565086535064e-58,8.32910581475196e-58,0.0116954174633991,2.62768619579655,NA,0.142421460441833
