"Model","AIC","DeltaAIC","AICexp","AICwt","NagR2","(Intercept)","CumErr","stimlen"
"preserved ~ CumErr",1370.27124049498,0,1,0.703370939861985,0.184998601117115,3.45305900990556,-1.38872378805154,NA
"preserved ~ CumErr + stimlen",1371.99804450084,1.726804005855,0.42172492965976,0.296629060138015,0.185344513646163,3.19880407007481,-1.39891752464466,0.0335758484170806
"preserved ~ stimlen",1633.0806556969,262.809415201912,8.54398727355618e-58,6.00959235877005e-58,0.00118522667330716,3.3874233337044,NA,-0.0535933919144587
