"Model","AIC","DeltaAIC","AICexp","AICwt","NagR2","(Intercept)","CumErr","I(pos^2)","pos"
"preserved ~ CumErr + I(pos^2) + pos",1355.52053630787,0,1,0.999373886193242,0.19893378097159,2.47482249695437,-1.56422902291125,-0.0333335767338168,0.444601441690115
"preserved ~ CumErr",1370.27124049498,14.7507041871149,0.000626506070858697,0.000626113806757715,0.184998601117115,3.45305900990556,-1.38872378805154,NA,NA
"preserved ~ I(pos^2) + pos",1632.08615625723,276.565619949359,8.80113506615852e-61,8.79562455397846e-61,0.0051444606405321,2.74986594438873,NA,-0.0291870444744748,0.208556009812719
