"syll_component","MeanPres","N"
"1",0.965277777777778,528
"O",0.939769866954333,1854
"P",0.67741935483871,31
"S",0.967976710334789,229
"V",0.965085158150852,1370
