"Model","AIC","DeltaAIC","AICexp","AICwt","NagR2","(Intercept)","CumErr","pos"
"preserved ~ CumErr + pos",1355.97363598697,0,1,0.999214812291877,0.19587107745781,2.9100022331045,-1.55717503195494,0.160582386970626
"preserved ~ CumErr",1370.27124049498,14.2976045080172,0.000785804712324165,0.000785187708123063,0.184998601117115,3.45305900990556,-1.38872378805154,NA
"preserved ~ pos",1632.63159050802,276.657954521053,8.40404730731926e-61,8.39744855267507e-61,0.00182737714063829,3.17597888123754,NA,-0.0514826552503099
