"","CumErr","I(pos^2)","pos","log_freq"
"McFadden",0.166582828139744,0.00269678676679732,0.00379972464004654,0.00432649738496347
"SquaredCorrelation",0.0653700353496564,0.00104871454207223,0.00145666823511816,0.00171036531339558
"Nagelkerke",0.0653700353496564,0.00104871454207223,0.00145666823511816,0.00171036531339558
"Estrella",0.0716041379934675,0.0011797345116129,0.00169930432511189,0.00184390386847937
