"Model","AIC","DeltaAIC","AICexp","AICwt","NagR2","(Intercept)","CumErr","pos"
"preserved ~ CumErr",3331.36555498938,0,1,0.513231324079552,0.0812408486840805,2.27484845627844,-0.735407522603983,NA
"preserved ~ CumErr + pos",3331.47143030046,0.105875311082855,0.948439140563832,0.486768675920448,0.0820038374637094,2.38963317751689,-0.691170981751809,-0.0329668978159016
"preserved ~ pos",3476.04201838574,144.676463396357,3.83623446582412e-32,1.96887569437453e-32,0.0269600606274372,2.60443741953858,NA,-0.161278274142116
