"Model","AIC","DeltaAIC","AICexp","AICwt","NagR2","(Intercept)","CumErr","I(pos^2)","pos"
"preserved ~ CumErr + I(pos^2) + pos",3311.42658359879,0,1,0.999953195560613,0.0878099431258611,2.94721528053129,-0.715826937150923,0.0354406480566101,-0.350469409357191
"preserved ~ CumErr",3331.36555498938,19.9389713905953,4.68066301455754e-05,4.68044393874919e-05,0.0812408486840805,2.27484845627844,-0.735407522603983,NA,NA
"preserved ~ I(pos^2) + pos",3467.11858525561,155.692001656825,1.55564824003701e-34,1.55557542879325e-34,0.0295487660614687,2.97511483918349,NA,0.022549139150026,-0.368809945672283
