"syll_component","MeanPres","N"
"1",0.883936781609195,580
"O",0.854780680137999,2029
"P",1,36
"S",0.772335737179487,256
"V",0.911502588018244,1501
