"Model","AIC","DeltaAIC","AICexp","AICwt","NagR2","(Intercept)","CumErr","CumPres"
"preserved ~ CumErr",3331.36555498938,0,1,0.513231324079098,0.0812408486840805,2.27484845627844,-0.735407522603983,NA
"preserved ~ CumErr + CumPres",3331.47143030046,0.105875311079217,0.948439140565558,0.486768675920902,0.0820038374637094,2.35666627970095,-0.724137879567701,-0.0329668978159015
"preserved ~ CumPres",3533.39368235648,202.028127367101,1.34942747268247e-44,6.92568448553536e-45,0.0046584056517347,2.13596104738828,NA,-0.0746651553629134
