"Model","AIC","DeltaAIC","AICexp","AICwt","NagR2","(Intercept)","CumErr","stimlen"
"preserved ~ CumErr + stimlen",3326.08344361027,0,1,0.933457568106428,0.0846657707946975,2.90534702082238,-0.697510711480421,-0.0826647785102392
"preserved ~ CumErr",3331.36555498938,5.28211137911103,0.071285973960827,0.0665424318935717,0.0812408486840805,2.27484845627844,-0.735407522603983,NA
"preserved ~ stimlen",3510.41343844031,184.329994830042,9.40264843253769e-41,8.77697333959635e-41,0.0149258050002788,3.19790853865377,NA,-0.160301558377469
