"syll_component","MeanPres","N"
"1",0.352050012116806,524
"O",0.408711755846617,1876
"P",0.155172413793103,29
"S",0.385003092145949,231
"V",0.583332765222529,1397
