"Model","AIC","DeltaAIC","AICexp","AICwt","NagR2","(Intercept)","CumErr","CumPres"
"preserved ~ CumErr",1293.991310356,0,1,0.650121776836339,0.194604892818633,3.6171408117286,-1.60137882974338,NA
"preserved ~ CumErr + CumPres",1295.23045942439,1.23914906839741,0.538173363252434,0.349878223163661,0.196078109088098,3.78171290493305,-1.58664052165816,-0.0571806361141798
"preserved ~ CumPres",1559.03231456118,265.04100420518,2.79947889537135e-58,1.82000219367465e-58,0.0025621077233978,3.37130981261045,NA,-0.0643792827505197
