"syll_component","MeanPres","N"
"1",0.968518518518519,585
"O",0.949283504315258,2047
"P",1,36
"S",0.95703125,256
"V",0.971696448268255,1511
