"Model","AIC","DeltaAIC","AICexp","AICwt","NagR2","(Intercept)","CumErr","pos"
"preserved ~ CumErr",1293.991310356,0,1,0.650121776836443,0.194604892818633,3.6171408117286,-1.60137882974338,NA
"preserved ~ CumErr + pos",1295.23045942439,1.23914906839832,0.538173363252189,0.349878223163557,0.196078109088098,3.83889354104725,-1.52945988554399,-0.0571806361141716
"preserved ~ pos",1518.64166191734,224.650351561349,1.65118593138804e-49,1.07347193160133e-49,0.0356040402832245,4.18198504307719,NA,-0.229719436432283
