"Model","AIC","DeltaAIC","AICexp","AICwt","NagR2","(Intercept)","CumErr","stimlen"
"preserved ~ CumErr",1293.991310356,0,1,0.696700727755559,0.194604892818633,3.6171408117286,-1.60137882974338,NA
"preserved ~ CumErr + stimlen",1295.65458221875,1.66327186275385,0.435336522787235,0.303299272244441,0.19487016173332,3.85488214584287,-1.58286469540571,-0.0310052442199381
"preserved ~ stimlen",1545.79929060336,251.807980247366,2.09214528353859e-55,1.4575991416117e-55,0.0116097748816928,4.60037634343312,NA,-0.179219789820663
