"Model","AIC","DeltaAIC","AICexp","AICwt","NagR2","(Intercept)","CumErr","pos"
"preserved ~ CumErr + pos",636.424384568096,0,1,0.999999714306631,0.297620594220851,1.38925381447518,-1.35753416384718,0.373656958321063
"preserved ~ CumErr",666.561077472846,30.1366929047502,2.85693450498157e-07,2.85693368877432e-07,0.25019651576603,2.38459330442446,-0.993064168734999,NA
"preserved ~ pos",817.702554123584,181.278169555488,4.32459693584868e-40,4.32459570034001e-40,0.00590892417666992,2.039971230221,NA,-0.0816527412403371
