"Model","AIC","DeltaAIC","AICexp","AICwt","NagR2","(Intercept)","CumErr","CumPres"
"preserved ~ CumErr + CumPres",636.424384568096,0,1,0.999999714306631,0.297620594220851,1.76291077279622,-0.98387720552612,0.373656958321063
"preserved ~ CumErr",666.561077472846,30.1366929047504,2.8569345049814e-07,2.85693368877416e-07,0.25019651576603,2.38459330442446,-0.993064168734999,NA
"preserved ~ CumPres",778.228683188718,141.804298620623,1.61282705270381e-31,1.61282659192981e-31,0.0741325975759998,1.12076706943507,NA,0.382659195282882
