"Model","AIC","DeltaAIC","AICexp","AICwt","NagR2","(Intercept)","CumErr","stimlen"
"preserved ~ CumErr + stimlen",665.105716073611,0,1,0.674296111879164,0.254260108651204,3.05958460660997,-0.947966336861335,-0.099321845868866
"preserved ~ CumErr",666.561077472846,1.45536139923513,0.483027978929238,0.325703888120836,0.25019651576603,2.38459330442446,-0.993064168734999,NA
"preserved ~ stimlen",787.875787559631,122.77007148602,2.19188470107762e-27,1.47797933162406e-27,0.0540028021418003,3.86428576913412,NA,-0.293766262447819
