"syll_component","MeanPres","N"
"1",0.829333333333333,125
"O",0.823275862068966,464
"P",0.8,5
"S",0.877551020408163,49
"V",0.900106837606838,312
