"Model","AIC","DeltaAIC","AICexp","AICwt","NagR2","(Intercept)","CumErr","I(pos^2)","pos"
"preserved ~ CumErr + I(pos^2) + pos",636.72105472058,0,1,0.999999668623852,0.3005289651726,1.01644907522419,-1.34773589122208,-0.036416442198003,0.645121773450189
"preserved ~ CumErr",666.561077472846,29.8400227522656,3.31376257969636e-07,3.31376148159448e-07,0.25019651576603,2.38459330442446,-0.993064168734999,NA,NA
"preserved ~ I(pos^2) + pos",809.302319797167,172.581265076586,3.34544927002504e-38,3.34544816142295e-38,0.0261428219266809,1.2165407603827,NA,-0.0628761293394465,0.449285182710265
