"","NagContributions","NagPercents"
"CumPres",0.0119974026723077,0.554776334167874
"pos",0.00645666742404203,0.298565146331141
"log_freq",0.00317158682772032,0.146658519500984
