"syll_component","MeanPres","N"
"1",0.897479954180985,582
"O",0.899737661911789,2033
"P",0.805555555555556,36
"S",0.910807291666667,256
"V",0.969283654912397,1503
