"Model","AIC","DeltaAIC","AICexp","AICwt","NagR2","(Intercept)","CumPres","I(pos^2)","pos","stimlen"
"preserved ~ CumPres + pos",2346.13363382621,0,1,0.999999950094441,0.0433144168175855,2.62654220343014,0.707114544363692,NA,-0.48348699582475,NA
"preserved ~ CumPres + I(pos^2) + pos",2348.18888979828,0,1,0.999999860542789,0.0433377714583646,2.59448153895071,0.706704529093649,-0.0027230660170432,-0.461300084904593,NA
"preserved ~ CumPres + stimlen",2376.37544612782,0,1,0.844517345332559,0.0287478689828035,2.59873048917453,0.228476784934461,NA,NA,-0.0818196946252692
"preserved ~ CumPres",2379.75990831858,31.5710185202956,1.39457037204571e-07,1.39457017756282e-07,0.0257699421286566,2.02074568974607,0.206678711953744,NA,NA,NA
"preserved ~ CumPres",2379.75990831858,3.38446219075286,0.1841083022442,0.155482654664956,0.0257699421286566,2.02074568974607,0.206678711953744,NA,NA,NA
"preserved ~ CumPres",2379.75990831858,33.6262744923642,4.99053689303512e-08,4.99053664397958e-08,0.0257699421286566,2.02074568974607,0.206678711953744,NA,NA,NA
"preserved ~ pos",2404.68561983556,58.5519860093495,1.9301798869516e-13,1.93017979062489e-13,0.0131157197188426,1.99793498528204,NA,NA,0.135430895919204,NA
"preserved ~ I(pos^2) + pos",2406.73516686089,58.5462770626123,1.93569740509349e-13,1.93569713514653e-13,0.0131328659456504,1.97111345322312,NA,-0.00228088853006421,0.153813286669465,NA
"preserved ~ stimlen",2429.47949203598,53.1040459081578,2.94173093601487e-12,2.48434280076594e-12,1.02988367734238e-05,2.4487533595417,NA,NA,NA,0.00459490322542502
