"Model","AIC","DeltaAIC","AICexp","AICwt","NagR2","(Intercept)","CumErr","stimlen"
"preserved ~ CumErr",2777.45418127218,0,1,0.576673371546689,0.0155565530417493,2.39597181492001,-0.400648093494811,NA
"preserved ~ CumErr + stimlen",2778.07244558706,0.618264314876342,0.73408374898771,0.423326550526376,0.0159765329921499,2.61750765010997,-0.386691624286322,-0.0292783081561701
"preserved ~ stimlen",2809.08821112351,31.6340298513273,1.35131842271299e-07,7.79269350859054e-08,0.00197864748586419,2.7257751123516,NA,-0.0614693333818667
