"Model","AIC","DeltaAIC","AICexp","AICwt","NagR2","(Intercept)","CumErr","CumPres"
"preserved ~ CumErr + CumPres",2768.03660768733,0,1,0.991064843127606,0.0215297322709484,2.17693482600684,-0.421949181199788,0.0940709711528369
"preserved ~ CumErr",2777.45418127218,9.41757358485302,0.00901570887642071,0.00893515210329406,0.0155565530417493,2.39597181492001,-0.400648093494811,NA
"preserved ~ CumPres",2806.34087349773,38.3042658104018,4.81209688401761e-09,4.76910004347376e-09,0.00452010975239791,2.05762323712584,NA,0.079581350508074
