"syll_component","MeanPres","N"
"1",0.902787456445993,574
"O",0.872943508424182,2018
"P",0.764705882352941,34
"S",0.787220026350461,253
"V",0.971387024608501,1490
