"Model","AIC","DeltaAIC","AICexp","AICwt","NagR2","(Intercept)","CumErr","pos"
"preserved ~ CumErr + pos",2768.03660768733,0,1,0.991064847759365,0.0215297322709484,2.08286385485401,-0.516020152352616,0.094070971152836
"preserved ~ CumErr",2777.45418127218,9.41757358485302,0.00901570887642071,0.00893515214505265,0.0155565530417493,2.39597181492001,-0.400648093494811,NA
"preserved ~ pos",2814.16071431551,46.1241066281827,9.64445085330572e-11,9.55827621665411e-11,0.000521660180608696,2.1556634001463,NA,0.0248263697520395
