"Model","AIC","DeltaAIC","AICexp","AICwt","NagR2","(Intercept)","CumErr","I(pos^2)","pos"
"preserved ~ CumErr + I(pos^2) + pos",2769.39126369233,0,1,0.982561093096445,0.0219239753168193,1.95449631857156,-0.515138209685126,-0.00963546374183786,0.176146481186691
"preserved ~ CumErr",2777.45418127218,8.06291757984991,0.0177484198434989,0.0174389068021629,0.0155565530417493,2.39597181492001,-0.400648093494811,NA,NA
"preserved ~ I(pos^2) + pos",2815.38012294635,45.9888592540219,1.03192016330626e-10,1.01392460364646e-10,0.000990387138631368,2.01652653636836,NA,-0.0103730052559318,0.113526107751287
