"Model","AIC","DeltaAIC","AICexp","AICwt","NagR2","(Intercept)","CumErr","stimlen"
"preserved ~ CumErr",1908.77434473263,0,1,0.603504555494391,0.133628672320898,3.15601152274077,-1.04833953761032,NA
"preserved ~ CumErr + stimlen",1909.61452280708,0.840178074450478,0.656988320793702,0.396495444505609,0.133933709727349,3.38041091875666,-1.03866335016576,-0.02930429856848
"preserved ~ stimlen",2142.84267017112,234.068325438488,1.48836324584795e-51,8.98233999099656e-52,0.00588812566238751,3.62382246902528,NA,-0.11617247092023
