"Model","AIC","DeltaAIC","AICexp","AICwt","NagR2","(Intercept)","CumErr","CumPres"
"preserved ~ CumErr + CumPres",1799.72493092601,0,1,1,0.190082629363583,2.40144478865654,-1.10034291436145,0.375871801608896
"preserved ~ CumErr",1908.77434473263,109.049413806616,2.09035796942874e-24,2.09035796942874e-24,0.133628672320898,3.15601152274077,-1.04833953761032,NA
"preserved ~ CumPres",2052.82303013634,253.098099210328,1.09760497380645e-55,1.09760497380645e-55,0.0561714111891358,2.02601058093463,NA,0.335798134441252
