"Model","AIC","DeltaAIC","AICexp","AICwt","NagR2","(Intercept)","CumErr","pos"
"preserved ~ CumErr + pos",1799.72493092601,0,1,1,0.190082629363583,2.02557298704759,-1.47621471597036,0.375871801608896
"preserved ~ CumErr",1908.77434473263,109.049413806618,2.09035796942637e-24,2.09035796942637e-24,0.133628672320898,3.15601152274077,-1.04833953761032,NA
"preserved ~ pos",2144.56653680884,344.841605882835,1.31400409058482e-75,1.31400409058482e-75,0.00609299601710433,2.37411200118685,NA,0.094295706666023
