"","CumErr","pos","stimlen","log_freq"
"McFadden",0.135900031559861,0.0335821777616162,0.00644044368149167,0.00478545946256317
"SquaredCorrelation",0.0636593141618795,0.0153523395545756,0.0030130431747652,0.00226564676288151
"Nagelkerke",0.0636593141618795,0.0153523395545756,0.0030130431747652,0.00226564676288151
"Estrella",0.0692369240691668,0.0176088936586768,0.00329569727273663,0.00241381208580253
