"syll_component","MeanPres","N"
"1",0.939550949913644,579
"O",0.930294117647059,2040
"P",0.972222222222222,36
"S",0.885012919896641,258
"V",0.956331780882679,1503
