"Model","AIC","DeltaAIC","AICexp","AICwt","NagR2","(Intercept)","CumErr","I(pos^2)","pos"
"preserved ~ CumErr + I(pos^2) + pos",1799.99664464183,0,1,1,0.190465418037885,2.16883571762303,-1.47928001624437,0.0131333005088758,0.274066974896538
"preserved ~ CumErr",1908.77434473263,108.777700090795,2.39454249235745e-24,2.39454249235745e-24,0.133628672320898,3.15601152274077,-1.04833953761032,NA,NA
"preserved ~ I(pos^2) + pos",2146.72877896382,346.732134321984,5.10591619966758e-76,5.10591619966758e-76,0.00611505885547966,2.34227763961702,NA,-0.00259961421900864,0.115622735998301
