"Model","AIC","DeltaAIC","AICexp","AICwt","NagR2","(Intercept)","CumErr","I(pos^2)","pos"
"preserved ~ CumErr + I(pos^2) + pos",5063.33328507572,0,1,0.999999258665102,0.0755055975789327,1.17115992895877,-0.53185617646287,0.0143674682464046,-0.0392384902865998
"preserved ~ CumErr",5091.5629103119,28.2296252361866,7.41335447730762e-07,7.41334898152923e-07,0.0684393305155722,1.21182200989155,-0.427304342752514,NA,NA
"preserved ~ I(pos^2) + pos",5304.73618857375,241.402903498038,3.8021176189681e-53,3.80211480032562e-53,0.0104094828780125,1.30496310951063,NA,0.0098369634105283,-0.168274326976305
