"Model","AIC","DeltaAIC","AICexp","AICwt","NagR2","(Intercept)","CumErr","pos"
"preserved ~ CumErr + pos",5067.99577908746,0,1,0.999992371148445,0.0741673719894061,0.969210434481223,-0.52892655629891,0.0847773213912102
"preserved ~ CumErr",5091.5629103119,23.5671312244458,7.62890975429507e-06,7.62885155447504e-06,0.0684393305155722,1.21182200989155,-0.427304342752514,NA
"preserved ~ pos",5306.40159879892,238.405819711462,1.70150810766789e-52,1.70149512711512e-52,0.00970478418514613,1.16224446337278,NA,-0.0817768057429575
