"Model","AIC","DeltaAIC","AICexp","AICwt","NagR2","(Intercept)","CumErr","stimlen"
"preserved ~ CumErr + stimlen",5081.25162380093,0,1,0.994266295575366,0.0707944810353357,0.796439457495783,-0.447886326939498,0.0561779095582468
"preserved ~ CumErr",5091.5629103119,10.3112865109733,0.00576676937571978,0.00573370442463437,0.0684393305155722,1.21182200989155,-0.427304342752514,NA
"preserved ~ stimlen",5336.08642270982,254.834798908891,4.6060274141771e-56,4.57961781441244e-56,0.000202683252552805,0.958085921090079,NA,-0.0151990070346001
