"Model","AIC","DeltaAIC","AICexp","AICwt","NagR2","(Intercept)","CumErr","CumPres"
"preserved ~ CumErr + CumPres",5067.99577908746,0,1,0.999992371148445,0.0741673719894061,1.05398775587244,-0.444149234907701,0.0847773213912101
"preserved ~ CumErr",5091.5629103119,23.567131224444,7.62890975430201e-06,7.62885155448197e-06,0.0684393305155722,1.21182200989155,-0.427304342752514,NA
"preserved ~ CumPres",5326.0109583074,258.015179219937,9.39108364478646e-57,9.3910120016034e-57,0.00210133807490022,0.743977116481835,NA,0.0473979445358594
