"syll_component","MeanPres","N"
"1",0.641551135222021,553
"O",0.599602154486473,1945
"P",0.558823529411765,34
"S",0.653775510204082,245
"V",0.864348789504284,1447
