"Model","AIC","DeltaAIC","AICexp","AICwt","NagR2","(Intercept)","CumErr","stimlen"
"preserved ~ CumErr",1757.47756904178,0,1,0.729617986720839,0.0751264326848112,3.19594059628146,-1.02683912095319,NA
"preserved ~ CumErr + stimlen",1759.46293957836,1.98537053657992,0.370580246375714,0.270382013279161,0.0751545945843635,3.13025437955951,-1.02943398285865,0.00863563527265101
"preserved ~ stimlen",1886.29299492991,128.815425888128,1.06680655704629e-28,7.78361252372702e-29,0.000700262435447362,3.20465251279306,NA,-0.0406791191668209
