"Model","AIC","DeltaAIC","AICexp","AICwt","NagR2","(Intercept)","CumErr","pos"
"preserved ~ CumErr + pos",1732.19568953117,0,1,0.999996763257037,0.0927888242908595,2.56994790817082,-1.25277868863962,0.189527623569376
"preserved ~ CumErr",1757.47756904178,25.2818795106048,3.23675343971311e-06,3.23674296317419e-06,0.0751264326848112,3.19594059628146,-1.02683912095319,NA
"preserved ~ pos",1886.49012999955,154.294440468372,3.12887316206303e-34,3.12886303470484e-34,0.00129358009971689,2.72652986800881,NA,0.0439037069388828
