"Model","AIC","DeltaAIC","AICexp","AICwt","NagR2","(Intercept)","CumErr","CumPres"
"preserved ~ CumErr + CumPres",1732.19568953117,0,1,0.999996763257037,0.0927888242908595,2.75947553174017,-1.06325106507022,0.189527623569378
"preserved ~ CumErr",1757.47756904178,25.2818795106048,3.23675343971311e-06,3.23674296317419e-06,0.0751264326848112,3.19594059628146,-1.02683912095319,NA
"preserved ~ CumPres",1866.32793303715,134.132243505973,7.47400527493754e-30,7.47398108350356e-30,0.0144894991747339,2.51314872528041,NA,0.158919344250681
