"Model","AIC","DeltaAIC","AICexp","AICwt","NagR2","(Intercept)","CumErr","I(pos^2)","pos"
"preserved ~ CumErr + I(pos^2) + pos",1729.32985576681,0,1,0.999999227672698,0.0965678038843822,2.13400735805753,-1.25484152959781,-0.0351302610282187,0.482133333669523
"preserved ~ CumErr",1757.47756904178,28.1477132749728,7.72327898980121e-07,7.72327302490198e-07,0.0751264326848112,3.19594059628146,-1.02683912095319,NA,NA
"preserved ~ I(pos^2) + pos",1883.00053831488,153.670682548076,4.27400739771265e-34,4.27400409678005e-34,0.00576291674591881,2.2713605493415,NA,-0.0348461693772009,0.341002866636613
