"syll_component","MeanPres","N"
"1",0.968911917098446,579
"O",0.933659331703341,2045
"P",1,36
"S",0.873385012919897,258
"V",0.969115376130598,1511
