"Model","AIC","DeltaAIC","AICexp","AICwt","NagR2","(Intercept)","CumErr","pos"
"preserved ~ CumErr + pos",836.506348625116,0,1,0.9999228216423,0.514628541446312,1.7380343475763,-2.00905969167832,0.250279154092182
"preserved ~ CumErr",855.44497722427,18.9386285991545,7.71843146583789e-05,7.71783576997334e-05,0.499437237216782,2.43649039357263,-1.79552154581739,NA
"preserved ~ pos",1378.21259326653,541.706244641414,2.34414013056078e-118,2.34395921367529e-118,0.0513327550889547,2.29572724749808,NA,-0.232470651790901
