"Model","AIC","DeltaAIC","AICexp","AICwt","NagR2","(Intercept)","CumErr","CumPres"
"preserved ~ CumErr + CumPres",836.506348625116,0,1,0.9999228216423,0.514628541446312,1.98831350166849,-1.75878053758614,0.250279154092182
"preserved ~ CumErr",855.44497722427,18.9386285991544,7.71843146583833e-05,7.71783576997378e-05,0.499437237216782,2.43649039357263,-1.79552154581739,NA
"preserved ~ CumPres",1367.34667938878,530.840330763663,5.36397554052971e-116,5.36356155770675e-116,0.0594067798627053,0.899352280223297,NA,0.313007755531797
