"Model","AIC","DeltaAIC","AICexp","AICwt","NagR2","(Intercept)","CumErr","I(pos^2)","pos"
"preserved ~ CumErr + I(pos^2) + pos",835.908115141085,0,1,0.999942773201842,0.51718891987628,2.21521941684643,-2.00657632688597,0.0482411515270403,-0.0983183455722554
"preserved ~ CumErr",855.44497722427,19.5368620831852,5.72300732516246e-05,5.72267981577741e-05,0.499437237216782,2.43649039357263,-1.79552154581739,NA,NA
"preserved ~ I(pos^2) + pos",1379.02873054765,543.120615406564,1.15573126097062e-118,1.15566512217103e-118,0.0524212526943657,2.51750942895394,NA,0.0157919915568313,-0.366245131419203
