"Model","AIC","DeltaAIC","AICexp","AICwt","NagR2","(Intercept)","CumErr","stimlen"
"preserved ~ CumErr",855.44497722427,0,1,0.592023557374016,0.499437237216782,2.43649039357263,-1.79552154581739,NA
"preserved ~ CumErr + stimlen",856.189651210027,0.744673985756776,0.68912197419239,0.407976442625984,0.499635304724395,2.63081527193821,-1.78790662514413,-0.0287707611870366
"preserved ~ stimlen",1387.49422036602,532.049243141751,2.9307231939123e-116,1.7350571709385e-116,0.0315796740517539,3.01100090013953,NA,-0.223643213045036
