"syll_component","MeanPres","N"
"1",0.776769626769627,185
"O",0.814239790871838,674
"P",1,12
"S",0.826086956521739,69
"V",0.805066079295154,454
