"","CumErr","I(pos^2)","pos","log_freq"
"McFadden",0.253641471520291,0.0239748444546392,0.0289485742340113,0.0140271343243368
"SquaredCorrelation",0.109122023720102,0.0109308120006523,0.0131246282015349,0.00619050655837237
"Nagelkerke",0.109122023720102,0.0109308120006523,0.0131246282015349,0.00619050655837237
"Estrella",0.132624033612654,0.0116193610558724,0.0141413799338807,0.00714596342719016
