"Model","AIC","DeltaAIC","AICexp","AICwt","NagR2","(Intercept)","CumErr","I(pos^2)","pos"
"preserved ~ CumErr + I(pos^2) + pos",1296.28349901405,0,1,0.999821963805284,0.35133051853056,4.6910561576922,-2.10803306957472,0.0262044918625797,-0.441116543398487
"preserved ~ CumErr",1313.55019028445,17.2666912703903,0.00017806789724716,0.000178036194716333,0.335186159356321,3.4311288375424,-2.337889468003,NA,NA
"preserved ~ I(pos^2) + pos",1732.58194986015,436.298450846091,1.81549546037815e-95,1.81517223647486e-95,0.101264683860619,4.858779720421,NA,0.0180911161422131,-0.555583550492194
