"Model","AIC","DeltaAIC","AICexp","AICwt","NagR2","(Intercept)","CumErr","stimlen"
"preserved ~ CumErr + stimlen",1311.60539421785,0,1,0.725597218569058,0.338267804924867,4.29190478806601,-2.29025830300485,-0.111999155200517
"preserved ~ CumErr",1313.55019028445,1.94479606659797,0.378175073454786,0.274402781430942,0.335186159356321,3.4311288375424,-2.337889468003,NA
"preserved ~ stimlen",1837.73338066217,526.127986444326,5.6592562113208e-115,4.10634056610404e-115,0.0266559158331129,4.82620941361886,NA,-0.259103036254988
