"syll_component","MeanPres","N"
"1",0.942464040025016,533
"O",0.937228260869565,1840
"P",0.971428571428571,35
"S",0.917372881355932,236
"V",0.950973146095097,1353
