"Model","AIC","DeltaAIC","AICexp","AICwt","NagR2","(Intercept)","CumErr","CumPres"
"preserved ~ CumErr + CumPres",1297.18240634409,0,1,0.999720964360667,0.349843101223708,4.01406164163196,-2.31328088655955,-0.188356999786653
"preserved ~ CumErr",1313.55019028445,16.367783940359,0.000279113521952929,0.000279035639332884,0.335186159356321,3.4311288375424,-2.337889468003,NA
"preserved ~ CumPres",1857.58528036244,560.402874018353,2.04202984681419e-122,2.04146004771034e-122,0.0142800462594428,3.20386104140925,NA,-0.142587625332463
