"Model","AIC","DeltaAIC","AICexp","AICwt","NagR2","(Intercept)","CumErr","pos"
"preserved ~ CumErr + pos",1297.18240634409,0,1,0.999720964360667,0.349843101223708,4.20241864141867,-2.12492388677287,-0.188356999786657
"preserved ~ CumErr",1313.55019028445,16.367783940357,0.000279113521953214,0.000279035639333169,0.335186159356321,3.4311288375424,-2.337889468003,NA
"preserved ~ pos",1732.79813913231,435.615732788218,2.55414477175752e-95,2.55343207433818e-95,0.100144724076637,4.47094418434993,NA,-0.371308458662679
