"Model","AIC","DeltaAIC","AICexp","AICwt","NagR2","(Intercept)","CumErr","stimlen"
"preserved ~ CumErr + stimlen",1523.96056607996,0,1,0.78533324098214,0.143141998179542,4.02895180114121,-1.03826396031067,-0.0897719171131018
"preserved ~ CumErr",1526.55460862169,2.59404254172978,0.273344801691314,0.21466675901786,0.140560948408811,3.33843219712094,-1.07570613303848,NA
"preserved ~ stimlen",1711.08786327838,187.127297198421,2.32179411801375e-41,1.82338209959301e-41,0.0171872819376734,4.60144456274584,NA,-0.210263681449034
