"syll_component","MeanPres","N"
"1",0.965328467153285,548
"O",0.940290081639743,1919
"P",0.6,30
"S",0.946280991735537,242
"V",0.964386459802539,1418
