"Model","AIC","DeltaAIC","AICexp","AICwt","NagR2","(Intercept)","CumErr","pos"
"preserved ~ CumErr + pos",1496.46675574483,0,1,0.999999707244115,0.162210922543356,2.60618397704912,-1.3210286255422,0.225486040163631
"preserved ~ CumErr",1526.55460862169,30.0878528768596,2.9275597100124e-07,2.92755885295207e-07,0.140560948408811,3.33843219712094,-1.07570613303848,NA
"preserved ~ pos",1737.55976976636,241.093014021533,4.43932757506814e-53,4.43932627542886e-53,1.56630456351019e-05,2.95658430848902,NA,-0.00479236792404815
