"Model","AIC","DeltaAIC","AICexp","AICwt","NagR2","(Intercept)","CumErr","I(pos^2)","pos"
"preserved ~ CumErr + I(pos^2) + pos",1498.38183331385,0,1,0.999999237290351,0.162225963229738,2.63562326114851,-1.32236227288829,0.00240464976739068,0.205903496267017
"preserved ~ CumErr",1526.55460862169,28.1727753078424,7.62710230815856e-07,7.62709649089403e-07,0.140560948408811,3.33843219712094,-1.07570613303848,NA,NA
"preserved ~ I(pos^2) + pos",1737.30442625187,238.92259293802,1.31406891666306e-52,1.31406791441002e-52,0.0022478396981831,2.61882164913298,NA,-0.0244346782520644,0.207796533658149
