"Model","AIC","DeltaAIC","AICexp","AICwt","NagR2","(Intercept)","CumErr","CumPres"
"preserved ~ CumErr + CumPres",1496.46675574483,0,1,0.999999707244115,0.162210922543356,2.83167001721285,-1.0955425853786,0.225486040163624
"preserved ~ CumErr",1526.55460862169,30.0878528768583,2.9275597100144e-07,2.92755885295406e-07,0.140560948408811,3.33843219712094,-1.07570613303848,NA
"preserved ~ CumPres",1705.08682862405,208.620072879215,4.99720041248521e-46,4.99719894952538e-46,0.0233403356336708,2.46325018567008,NA,0.208114653074146
