"syll_component","MeanPres","N"
"1",0.794481981981982,148
"O",0.786953919808498,557
"P",1,14
"S",0.776041666666667,64
"V",0.679292929292929,363
