"Model","AIC","DeltaAIC","AICexp","AICwt","NagR2","(Intercept)","CumErr","I(pos^2)","pos"
"preserved ~ CumErr + I(pos^2) + pos",1152.36986658542,0,1,0.999868705281807,0.197055146385708,2.98066613019555,-0.784139153591488,0.0806417317409433,-0.757854953724973
"preserved ~ CumErr",1170.2457359877,17.8758694022797,0.000131311958759774,0.000131294718193154,0.169117753900144,1.61113142920745,-0.878535749651303,NA,NA
"preserved ~ I(pos^2) + pos",1231.1784804075,78.8086138220801,7.70773802726525e-18,7.70672604197305e-18,0.111664596055083,3.03431806787622,NA,0.0525631304838062,-0.767484314869916
