"Model","AIC","DeltaAIC","AICexp","AICwt","NagR2","(Intercept)","CumErr","stimlen"
"preserved ~ CumErr + stimlen",1168.91881880704,0,1,0.660036884312814,0.171573540228281,2.06208731545531,-0.842612902607471,-0.0703520527511986
"preserved ~ CumErr",1170.2457359877,1.3269171806578,0.515066845152348,0.339963115687186,0.169117753900144,1.61113142920745,-0.878535749651303,NA
"preserved ~ stimlen",1289.53558088832,120.616762081278,6.43284225043592e-27,4.24591315625355e-27,0.0318907285270556,2.57729986436465,NA,-0.215211254622706
