"Model","AIC","DeltaAIC","AICexp","AICwt","NagR2","(Intercept)","CumErr","CumPres"
"preserved ~ CumErr + CumPres",1167.08214083331,0,1,0.829458948110586,0.176168300995074,1.83212841526468,-0.853494130109313,-0.118526999545961
"preserved ~ CumErr",1170.2457359877,3.16359515439535,0.205605174647747,0.170541051889414,0.169117753900144,1.61113142920745,-0.878535749651303,NA
"preserved ~ CumPres",1306.48362512475,139.401484291446,5.36231474404481e-31,4.4478199470333e-31,0.0170192444141838,1.4408913358742,NA,-0.160641252796927
