"Model","AIC","DeltaAIC","AICexp","AICwt","NagR2","(Intercept)","CumErr","I(pos^2)","pos"
"preserved ~ CumErr + I(pos^2) + pos",4296.56625109156,0,1,1,0.225107915198089,3.06823605408155,-0.526719195094326,0.0523327041197049,-0.694724763883365
"preserved ~ CumErr",4434.2675720011,137.701320909537,1.25469477402167e-30,1.25469477402167e-30,0.178161963945969,1.46891280360249,-0.769773503715404,NA,NA
"preserved ~ I(pos^2) + pos",4489.54119417329,192.974943081726,1.24745111922158e-42,1.24745111922158e-42,0.177573917754663,3.04950287403869,NA,0.0313212701146509,-0.667868008846323
