"Model","AIC","DeltaAIC","AICexp","AICwt","NagR2","(Intercept)","CumErr","CumPres"
"preserved ~ CumErr + CumPres",4342.15293094764,0,1,1,0.212828962026298,1.99719581765011,-0.713485435635373,-0.231882861370243
"preserved ~ CumErr",4434.2675720011,92.1146410534611,9.94397088337407e-21,9.94397088337407e-21,0.178161963945969,1.46891280360249,-0.769773503715404,NA
"preserved ~ CumPres",4849.52912096308,507.376190015445,6.67821218410002e-111,6.67821218410002e-111,0.0660416243008678,1.60682254894695,NA,-0.278499367415274
