"syll_component","MeanPres","N"
"1",0.764330218068536,535
"O",0.721294817181399,1878
"P",0.926470588235294,34
"S",0.771700680272109,245
"V",0.684937515020428,1387
