"Model","AIC","DeltaAIC","AICexp","AICwt","NagR2","(Intercept)","CumErr","stimlen"
"preserved ~ CumErr + stimlen",4409.74333886343,0,1,0.999995272534321,0.186152329073898,2.34897184416108,-0.716247055261562,-0.118062061588811
"preserved ~ CumErr",4434.2675720011,24.5242331376667,4.7274880280018e-06,4.7274656789644e-06,0.178161963945969,1.46891280360249,-0.769773503715404,NA
"preserved ~ stimlen",4879.79107601257,470.047737149136,8.51982673032969e-103,8.51978645314123e-103,0.047875702288691,2.8678647904411,NA,-0.247244563180569
