"Model","AIC","DeltaAIC","AICexp","AICwt","NagR2","(Intercept)","CumErr","pos"
"preserved ~ CumErr + pos",4342.15293094763,0,1,1,0.212828962026298,2.22907867902035,-0.481602574265157,-0.23188286137024
"preserved ~ CumErr",4434.2675720011,92.1146410534629,9.94397088336502e-21,9.94397088336502e-21,0.178161963945969,1.46891280360249,-0.769773503715404,NA
"preserved ~ pos",4505.56852613312,163.415595185486,3.27155613848862e-36,3.27155613848862e-36,0.172616869905005,2.51362150570961,NA,-0.378746927994455
