"","NagContributions","NagPercents"
"CumErr",0.333202415953757,0.805703337643268
"CumPres",0.0481924419483888,0.116532202252655
"log_freq",0.0321598593072859,0.0777644601040777
