"Model","AIC","DeltaAIC","AICexp","AICwt","NagR2","(Intercept)","CumErr","CumPres"
"preserved ~ CumErr + CumPres",838.817910753102,0,1,0.999844850591478,0.409962382255989,2.14581832724384,-1.37506010230466,0.244361252247761
"preserved ~ CumErr",856.359844388958,17.5419336358559,0.000155173483596437,0.000155149408522238,0.391415613242042,2.61561264263988,-1.43168692831327,NA
"preserved ~ CumPres",1151.24437038,312.426459626896,1.43699842368373e-68,1.43677547422825e-68,0.0770391993801127,1.18525108769851,NA,0.377614539132338
