"Model","AIC","DeltaAIC","AICexp","AICwt","NagR2","(Intercept)","CumErr","I(pos^2)","pos"
"preserved ~ CumErr + I(pos^2) + pos",839.358185646294,0,1,0.999796741634225,0.411476819553613,2.2392597673355,-1.6124663327405,0.0321109837035588,0.00290936485143072
"preserved ~ CumErr",856.359844388958,17.0016587426638,0.000203299688137644,0.00020325836577527,0.391415613242042,2.61561264263988,-1.43168692831327,NA,NA
"preserved ~ I(pos^2) + pos",1201.4950991373,362.13691349101,2.30657929193428e-79,2.30611046039687e-79,0.0201143159980928,2.50706784146069,NA,0.00854255157465657,-0.222840388924131
