"syll_component","MeanPres","N"
"1",0.832272512965582,202
"O",0.851708443719856,701
"P",0.9375,16
"S",0.887323943661972,71
"V",0.884642604387827,471
