"Model","AIC","DeltaAIC","AICexp","AICwt","NagR2","(Intercept)","CumErr","pos"
"preserved ~ CumErr + pos",838.817910753102,0,1,0.999844850591478,0.409962382255989,1.90145707499609,-1.61942135455242,0.244361252247759
"preserved ~ CumErr",856.359844388958,17.5419336358558,0.000155173483596445,0.000155149408522247,0.391415613242042,2.61561264263988,-1.43168692831327,NA
"preserved ~ pos",1199.77801727289,360.960106519787,4.15440445803995e-79,4.15375990464552e-79,0.0197909887455469,2.38636847476024,NA,-0.149596372305476
