"Model","AIC","DeltaAIC","AICexp","AICwt","NagR2","(Intercept)","CumErr","stimlen"
"preserved ~ CumErr",856.359844388958,0,1,0.738319631813142,0.391415613242042,2.61561264263988,-1.43168692831327,NA
"preserved ~ CumErr + stimlen",858.434350481026,2.07450609206853,0.354426940462401,0.261680368186858,0.391680740600452,2.41381465220176,-1.44142289661114,0.0296144255142024
"preserved ~ stimlen",1197.10250270864,340.742658319684,1.02016841021081e-74,7.53210365014245e-75,0.019761817111349,3.12012449312762,NA,-0.180022127949358
