"Model","AIC","DeltaAIC","AICexp","AICwt","NagR2","(Intercept)","CumErr","pos"
"preserved ~ CumErr",1542.34046882844,0,1,0.746337040615531,0.425815137299715,3.33586909239936,-2.16253217242742,NA
"preserved ~ CumErr + pos",1544.49881051031,2.15834168187575,0.339877221121524,0.253662959384469,0.425881196015441,3.38692593696302,-2.14783812567542,-0.0136875790466659
"preserved ~ pos",2340.43538608518,798.094917256746,4.96467358727106e-174,3.70531979274598e-174,0.0695533728942413,3.79777176946438,NA,-0.291815195846125
