"Model","AIC","DeltaAIC","AICexp","AICwt","NagR2","(Intercept)","CumErr","I(pos^2)","pos"
"preserved ~ CumErr + I(pos^2) + pos",1531.30032522249,0,1,0.996010420181979,0.431445374386427,4.25516981830049,-2.15433510468439,0.0551327429145039,-0.50774002016642
"preserved ~ CumErr",1542.34046882844,11.0401436059403,0.00400556032063631,0.00398957981802123,0.425815137299715,3.33586909239936,-2.16253217242742,NA,NA
"preserved ~ I(pos^2) + pos",2336.1808585186,804.880533296106,1.66883307701286e-175,1.66217513424916e-175,0.0721010968847986,4.30094218048692,NA,0.0255733903714758,-0.543915907741566
