"Model","AIC","DeltaAIC","AICexp","AICwt","NagR2","(Intercept)","CumErr","CumPres"
"preserved ~ CumErr",1542.34046882844,0,1,0.746337040614671,0.425815137299715,3.33586909239936,-2.16253217242742,NA
"preserved ~ CumErr + CumPres",1544.4988105103,2.15834168186666,0.339877221123069,0.25366295938533,0.425881196015441,3.37323835791614,-2.1615257047221,-0.0136875790466629
"preserved ~ CumPres",2469.7942275736,927.453758745163,4.03622323622016e-202,3.01238290538072e-202,0.000261949079786075,2.46020301840494,NA,0.0190979796671705
