"syll_component","MeanPres","N"
"1",0.921652421652422,585
"O",0.915893931999349,2049
"P",0.945945945945946,37
"S",0.909615384615385,260
"V",0.940405375633399,1513
