"Model","AIC","DeltaAIC","AICexp","AICwt","NagR2","(Intercept)","CumErr","stimlen"
"preserved ~ CumErr",1542.34046882844,0,1,0.576948729224202,0.425815137299715,3.33586909239936,-2.16253217242742,NA
"preserved ~ CumErr + stimlen",1542.96098888014,0.620520051707899,0.733256265846459,0.423051270775798,0.426378437904907,3.71020847859039,-2.14464355170655,-0.0487376190281104
"preserved ~ stimlen",2427.52586448844,885.185395660005,6.08742469468066e-193,3.51213194184403e-193,0.0220470828610959,4.27648801934303,NA,-0.222997183104663
