"Model","AIC","DeltaAIC","AICexp","AICwt","NagR2","(Intercept)","CumPres","I(pos^2)","pos","stimlen"
"preserved ~ CumPres + I(pos^2) + pos",481.757769609129,0,1,0.999999980776709,0.312703774692037,1.90417138591255,1.40509372996236,0.0730597250935413,-1.0394292843745,NA
"preserved ~ CumPres + pos",483.902831647493,0,1,0.999999943814788,0.304603270322661,1.28164284867647,1.34357084182165,NA,-0.524000315668958,NA
"preserved ~ CumPres + stimlen",514.510399383884,0,1,0.800724446711069,0.248040834260822,1.24712091122028,0.863334908116719,NA,NA,-0.139386266691545
"preserved ~ CumPres",517.292056022817,35.5342864136877,1.92232912562588e-08,1.92232908867239e-08,0.238279357972694,0.347911808392822,0.835378900822154,NA,NA,NA
"preserved ~ CumPres",517.292056022817,2.78165663893299,0.248869076131551,0.199275553288931,0.238279357972694,0.347911808392822,0.835378900822154,NA,NA,NA
"preserved ~ CumPres",517.292056022817,33.389224375324,5.61852152970921e-08,5.61852121403139e-08,0.238279357972694,0.347911808392822,0.835378900822154,NA,NA,NA
"preserved ~ pos",604.425819932761,120.522988285269,6.74164100744992e-27,6.74164062866939e-27,0.0441552594501186,0.604855268766782,NA,NA,0.234493197253655,NA
"preserved ~ I(pos^2) + pos",606.277752454227,124.519982845098,9.13753980493969e-28,9.13753962928611e-28,0.0445080976350684,0.710273945768369,NA,0.0110162310664486,0.155393260015464,NA
"preserved ~ stimlen",621.071781346812,106.561381962928,7.25253635962657e-24,5.8072831638139e-24,0.000313439418035355,1.20313716359329,NA,NA,NA,0.0210938279543023
