"syll_component","MeanPres","N"
"1",0.8,85
"O",0.768648018648019,286
"P",0.8,10
"S",0.6,25
"V",0.853615520282187,189
