"syll_component","MeanPres","N"
"1",0.909131205673759,564
"O",0.845810976972949,1988
"P",0.735294117647059,34
"S",0.583001328021248,251
"V",0.928873771730915,1470
