"Model","AIC","DeltaAIC","AICexp","AICwt","NagR2","(Intercept)","CumPres","stimlen"
"preserved ~ CumPres + stimlen",3128.12216662231,0,1,0.999999916047901,0.122272370620516,2.21362067548231,0.478772366421728,-0.15474687017826
"preserved ~ CumPres",3160.70820535623,32.5860387339276,8.39521060346554e-08,8.39520989866999e-08,0.109346375230462,1.08300502024811,0.448480013467265,NA
"preserved ~ stimlen",3428.50492258269,300.382755960388,5.92534052185553e-66,5.92534002441076e-66,0.000631357977628823,2.11555081612093,NA,-0.0320396918457974
