"Model","AIC","DeltaAIC","AICexp","AICwt","NagR2","(Intercept)","CumErr","I(pos^2)","pos"
"preserved ~ CumErr + I(pos^2) + pos",1946.60873291573,0,1,0.999999974900785,0.421434963916251,3.12498919058486,-1.7775832767983,0.0470996546518675,-0.25423200957762
"preserved ~ CumErr",1981.6095914198,35.0008585040723,2.50992153554547e-08,2.50992147254841e-08,0.409731530835244,2.96674094064629,-1.62664669050406,NA,NA
"preserved ~ I(pos^2) + pos",2898.46496006466,951.85622714893,2.02789979813065e-207,2.02789974723196e-207,0.0462488421507443,3.36526030291679,NA,0.0202476733503346,-0.407143681436594
