"Model","AIC","DeltaAIC","AICexp","AICwt","NagR2","(Intercept)","CumErr","stimlen"
"preserved ~ CumErr + stimlen",1975.91598881155,0,1,0.945153102411685,0.412523751447086,3.76948386040773,-1.58835934403061,-0.104355571678023
"preserved ~ CumErr",1981.6095914198,5.69360260825601,0.0580296435025881,0.0548468975883152,0.409731530835244,2.96674094064629,-1.62664669050406,NA
"preserved ~ stimlen",2903.79244936912,927.876460557571,3.26728219406052e-202,3.08808190217076e-202,0.0399613346669146,4.3544171343233,NA,-0.283682567348429
