"syll_component","MeanPres","N"
"1",0.913513513513514,555
"O",0.887630811459942,1943
"P",0.933333333333333,30
"S",0.883333333333333,240
"V",0.88691220755154,1439
