"Model","AIC","DeltaAIC","AICexp","AICwt","NagR2","(Intercept)","CumErr","CumPres"
"preserved ~ CumErr + CumPres",1958.85687769733,0,1,0.999988536796228,0.417007332033071,2.62916618259928,-1.63376051864412,0.143684070719841
"preserved ~ CumErr",1981.6095914198,22.7527137224724,1.14633351783798e-05,1.14632037718328e-05,0.409731530835244,2.96674094064629,-1.62664669050406,NA
"preserved ~ CumPres",2948.2786694333,989.421791735972,1.41184749340438e-215,1.41183130910887e-215,0.0183632987546751,1.73148617841152,NA,0.160252837466851
