"Model","AIC","DeltaAIC","AICexp","AICwt","NagR2","(Intercept)","CumErr","stimlen"
"preserved ~ CumErr + stimlen",1498.14770830782,0,1,0.999903978451533,0.24657790866797,4.99422523428164,-1.15552355783651,-0.207723094511301
"preserved ~ CumErr",1516.64939211248,18.5016838046602,9.60307694899665e-05,9.60215484667796e-05,0.235711808736644,3.36463163127624,-1.24139234764119,NA
"preserved ~ stimlen",1818.51842640162,320.370718093803,2.70634079597537e-70,2.70608092894146e-70,0.0510344511987614,5.87874268748205,NA,-0.379968299382696
