"Model","AIC","DeltaAIC","AICexp","AICwt","NagR2","(Intercept)","CumErr","I(pos^2)","pos"
"preserved ~ CumErr + I(pos^2) + pos",1486.63816044785,0,1,0.999999695810853,0.256374883625719,2.44611565097672,-1.4614335329162,-0.0132602344389284,0.3384474449777
"preserved ~ CumErr",1516.64939211248,30.0112316646253,3.0418923905711e-07,3.04189146526044e-07,0.235711808736644,3.36463163127624,-1.24139234764119,NA,NA
"preserved ~ I(pos^2) + pos",1895.11407619747,408.475915749611,1.99793750641046e-89,1.99793689865956e-89,0.00644015984307407,2.6228755509677,NA,-0.0295769753400656,0.200822084685255
