"Model","AIC","DeltaAIC","AICexp","AICwt","NagR2","(Intercept)","CumErr","CumPres"
"preserved ~ CumErr + CumPres",1485.1704517774,0,1,0.999999853972418,0.255987501547053,2.83610990843707,-1.22917076285087,0.229832783106134
"preserved ~ CumErr",1516.64939211248,31.478940335079,1.46027603573109e-07,1.46027582249051e-07,0.235711808736644,3.36463163127624,-1.24139234764119,NA
"preserved ~ CumPres",1841.23571782712,356.065266049724,4.80186425357818e-78,4.80186355237355e-78,0.0409303039730625,2.2023421596102,NA,0.282753019237768
