"syll_component","MeanPres","N"
"1",0.956405693950178,562
"O",0.941448382126348,1947
"P",0.941176470588235,34
"S",0.894308943089431,246
"V",0.948556797020484,1432
