"Model","AIC","DeltaAIC","AICexp","AICwt","NagR2","(Intercept)","CumErr","pos"
"preserved ~ CumErr + pos",1485.1704517774,0,1,0.999999853972418,0.255987501547054,2.60627712533087,-1.45900354595698,0.229832783106128
"preserved ~ CumErr",1516.64939211248,31.4789403350801,1.46027603573026e-07,1.46027582248968e-07,0.235711808736644,3.36463163127624,-1.24139234764119,NA
"preserved ~ pos",1897.59698985519,412.426538077795,2.77150177566961e-90,2.7715013709539e-90,0.00289443652334577,3.05823179692696,NA,-0.063386367110678
