"Model","AIC","DeltaAIC","AICexp","AICwt","NagR2","(Intercept)","CumErr","pos"
"preserved ~ CumErr + pos",3326.03007323368,0,1,0.99747621209939,0.103027993836606,1.78118805985384,-0.715807069567513,0.0823854671816876
"preserved ~ CumErr",3337.98900801938,11.9589347857022,0.00253017352193101,0.00252378790060992,0.0986054662385317,2.04439609786362,-0.621002974154149,NA
"preserved ~ pos",3580.53672690903,254.506653675347,5.42728153244963e-56,5.41358422498483e-56,0.0124586719739965,2.08063834858312,NA,-0.106521505604396
