"Model","AIC","DeltaAIC","AICexp","AICwt","NagR2","(Intercept)","CumErr","I(pos^2)","pos"
"preserved ~ CumErr + I(pos^2) + pos",3307.83640080872,0,1,0.999999716570916,0.110319739451028,2.34593747643869,-0.746420572824266,0.040316120217165,-0.259803841796476
"preserved ~ CumErr",3337.98900801938,30.1526072106612,2.83429164595956e-07,2.83429084263888e-07,0.0986054662385317,2.04439609786362,-0.621002974154149,NA,NA
"preserved ~ I(pos^2) + pos",3577.4351591045,269.59875829578,2.86664208271905e-59,2.86664127022931e-59,0.0144361504638378,2.36876861321941,NA,0.0190583138548309,-0.27616416014697
