"syll_component","MeanPres","N"
"1",0.859931623931624,525
"O",0.818815348125693,1827
"P",0.852941176470588,34
"S",0.827001455604076,229
"V",0.863366393726214,1334
