"Model","AIC","DeltaAIC","AICexp","AICwt","NagR2","(Intercept)","CumErr","stimlen"
"preserved ~ CumErr + stimlen",3322.18424630482,0,1,0.999630274844305,0.105789474022493,2.93860526315006,-0.56390050193855,-0.119395495731482
"preserved ~ CumErr",3337.98900801938,15.8047617145585,0.000369861902945064,0.000369725155695411,0.0986054662385317,2.04439609786362,-0.621002974154149,NA
"preserved ~ stimlen",3532.42245313303,210.238206828203,2.22512003755244e-46,2.22429735470012e-46,0.0315713810723251,3.41663611994434,NA,-0.225186041122778
