"Model","AIC","DeltaAIC","AICexp","AICwt","NagR2","(Intercept)","CumErr","CumPres"
"preserved ~ CumErr + CumPres",3326.03007323368,0,1,0.997476212099391,0.103027993836606,1.86357352703553,-0.633421602385826,0.0823854671816849
"preserved ~ CumErr",3337.98900801938,11.9589347857027,0.00253017352193044,0.00252378790060935,0.0986054662385317,2.04439609786362,-0.621002974154149,NA
"preserved ~ CumPres",3607.32912078868,281.299047555004,8.25444619687377e-62,8.23361372543587e-62,0.00192483498862892,1.54687493854492,NA,0.049280031432493
