"Model","AIC","DeltaAIC","AICexp","AICwt","NagR2","(Intercept)","CumErr","CumPres"
"preserved ~ CumErr + CumPres",3306.01705289634,0,1,0.785306170377497,0.0745215248365996,1.90222353501086,-0.531936244889753,-0.0573670201328261
"preserved ~ CumErr",3308.61077430186,2.59372140552159,0.273388695671778,0.214693829622503,0.0721294324680469,1.77494858323495,-0.54484065786183,NA
"preserved ~ CumPres",3485.03578776152,179.018734865178,1.3383683117322e-39,1.05102889344101e-39,0.00679221872439202,1.66424246445523,NA,-0.0898368809754757
