"syll_component","MeanPres","N"
"1",0.816176470588235,442
"O",0.803333333333333,1575
"P",0.807692307692308,26
"S",0.897875816993464,204
"V",0.803228934554758,1154
