"Model","AIC","DeltaAIC","AICexp","AICwt","NagR2","(Intercept)","CumErr","stimlen"
"preserved ~ CumErr + stimlen",3297.71767668503,0,1,0.995707348620111,0.0773615277042482,2.46982659997894,-0.491197555331823,-0.0957199996623631
"preserved ~ CumErr",3308.61077430186,10.8930976168376,0.00431115767683908,0.00429265137988868,0.0721294324680469,1.77494858323495,-0.54484065786183,NA
"preserved ~ stimlen",3438.22942037523,140.5117436902,3.07795691537689e-31,3.06474431937686e-31,0.0246188930420749,2.89493740111882,NA,-0.189431240899388
