"","CumErr","I(pos^2)","pos","stimlen","log_freq"
"McFadden",0.0377381613785277,0.00801722428148893,0.0104618943295487,0.00725850327681928,0.00133030162982871
"SquaredCorrelation",0.0373022811905576,0.00804570338797347,0.0104841544724912,0.0072817677470864,0.00132870065599285
"Nagelkerke",0.0373022811905576,0.00804570338797347,0.0104841544724912,0.0072817677470864,0.00132870065599285
"Estrella",0.0387480639052622,0.00823521508708786,0.0107459530227883,0.00745579059811306,0.00136628260319737
