"Model","AIC","DeltaAIC","AICexp","AICwt","NagR2","(Intercept)","CumErr","I(pos^2)","pos"
"preserved ~ CumErr + I(pos^2) + pos",3293.74966598562,0,1,0.999407492390105,0.0782705490714443,2.35655471197528,-0.495067180786876,0.027068681897489,-0.291098573575019
"preserved ~ CumErr",3308.61077430186,14.8611083162414,0.000592858883295091,0.000592507609895145,0.0721294324680469,1.77494858323495,-0.54484065786183,NA,NA
"preserved ~ I(pos^2) + pos",3407.45925353378,113.709587548157,2.03365273054812e-25,2.03244777582938e-25,0.0374269654136622,2.37559881484101,NA,0.0141547303536232,-0.304145550710947
