"Model","AIC","DeltaAIC","AICexp","AICwt","NagR2","(Intercept)","CumErr","pos"
"preserved ~ CumErr + pos",3306.01705289634,0,1,0.785306170377497,0.0745215248365996,1.9595905551437,-0.474569224756931,-0.0573670201328278
"preserved ~ CumErr",3308.61077430186,2.59372140552159,0.273388695671778,0.214693829622503,0.0721294324680469,1.77494858323495,-0.54484065786183,NA
"preserved ~ pos",3410.59799797866,104.580945082317,1.95225399068386e-23,1.53311710502813e-23,0.0363038348196774,2.15822561463176,NA,-0.177870926828575
